filter_type,config_label,signal_label,snr_db,smoothness_score,correlation,peak_preservation,edge_sharpness,phase_delay_ms,composite_score
Butterworth,5Hz-O2,ID01-Seat-G1,-6.12785327516249,3.1101533116244426,-0.13318566689595182,0.36537735788371134,0.22430332066808278,35.833333333333336,41.16132762103225
Butterworth,5Hz-O2,ID05-Stand-G2,-8.552470283008692,2.078301547506507,-0.10273337372944573,0.4070205731798375,0.7130998996488039,32.5,42.26460256292834
Butterworth,5Hz-O2,ID08-Seat-G3,-4.002942384952125,2.737523168671743,0.0735071363584187,0.19069424746379626,0.19843588527477418,39.166666666666664,41.17144142667379
Butterworth,5Hz-O2,ID10-Stand-G4,-0.3750708857582829,2.6436459901571525,0.24783477884015095,0.5400972632307967,0.03732890818865341,39.166666666666664,25.424586280717804
Butterworth,5Hz-O3,ID01-Seat-G1,-7.437804762849733,3.2874175298934496,-0.17566248406247867,0.5198663238511279,0.12123536817218596,66.66666666666667,38.78186298878705
Butterworth,5Hz-O3,ID05-Stand-G2,-9.708527972293858,2.3211455973785524,-0.04023605494151113,0.478711261787633,0.41242567268917857,64.16666666666667,39.59178589687683
Butterworth,5Hz-O3,ID08-Seat-G3,-5.383409899316369,2.863415118676119,0.013961194553456983,0.28231056445943614,0.13484907876166033,64.16666666666667,39.0162617814481
Butterworth,5Hz-O3,ID10-Stand-G4,-1.8449637088065283,2.699403222686423,0.16476933443535194,0.3994029691127062,0.03397635543105223,62.5,20.925691483144334
Butterworth,5Hz-O4,ID01-Seat-G1,-7.810092298806775,3.3602974165775152,-0.12051682558434275,0.5178848417568923,0.04562568487755447,92.5,22.87325348016823
Butterworth,5Hz-O4,ID05-Stand-G2,-10.52852500974154,2.415359452438654,-0.004091979244383939,0.395208578276526,0.29440714100022386,90.0,39.44535304704975
Butterworth,5Hz-O4,ID08-Seat-G3,-6.008769451425214,2.9206982747731036,0.024632342290855955,0.49111890583168627,0.09059076635965957,88.33333333333333,37.31756700423772
Butterworth,5Hz-O4,ID10-Stand-G4,-2.693654410618612,2.7275999050712714,0.1282375310090419,0.1488933777804709,0.048512097788227154,84.16666666666667,23.759877707938315
Butterworth,5Hz-O5,ID01-Seat-G1,-7.594548326383303,3.402952820134736,-0.04209482923371621,0.43427594983159734,0.027786565227887184,116.66666666666667,17.691638098271266
Butterworth,5Hz-O5,ID05-Stand-G2,-11.25063609517282,2.4627514078112096,-0.027647144860400954,0.3062182585979246,0.25041963365957726,113.33333333333333,38.82373770653661
Butterworth,5Hz-O5,ID08-Seat-G3,-6.314061687244383,2.9516693532245726,0.03341260126515552,0.5234166758072304,0.055996590718054934,110.0,27.166655103941295
Butterworth,5Hz-O5,ID10-Stand-G4,-3.2817337245513145,2.7443911532381295,0.10301138473562131,0.5235351532091904,0.05199168058539924,105.0,26.48776532718288
Butterworth,10Hz-O2,ID01-Seat-G1,-1.858092611429428,2.4193140259822843,0.05110598491833379,0.736206818429689,0.5587054761278036,20.833333333333332,47.397662312369285
Butterworth,10Hz-O2,ID05-Stand-G2,-5.123832378417696,1.293705185914817,-0.0382600745154113,0.72741396547573,1.7382341456738313,20.833333333333332,46.6834526018464
Butterworth,10Hz-O2,ID08-Seat-G3,-0.0895481411182623,2.177905937169404,0.23572539894468023,0.7403738330472217,0.4267970641084487,23.333333333333332,48.30314299065455
Butterworth,10Hz-O2,ID10-Stand-G4,3.0465077741602222,2.258919701900885,0.37020895866662845,0.7281667323201221,0.07681587689650027,22.5,45.50867169471063
Butterworth,10Hz-O3,ID01-Seat-G1,-3.344500472145311,2.534277243614406,-0.08605299213474386,0.4929159157737719,0.4253271888449848,33.333333333333336,42.65251547119161
Butterworth,10Hz-O3,ID05-Stand-G2,-6.3911256842410635,1.4658603924202136,-0.1058398320739659,0.5545269106632489,1.2585141508990658,34.166666666666664,42.64550247942817
Butterworth,10Hz-O3,ID08-Seat-G3,-1.7834698316412487,2.2332051282055816,0.0889199079369228,0.5851055984198873,0.31030783815438706,34.166666666666664,44.25909396829302
Butterworth,10Hz-O3,ID10-Stand-G4,1.2732046775583896,2.2781486006191702,0.2844103098829013,0.8880991305293015,0.06426494340106916,32.5,38.1262606746474
Butterworth,10Hz-O4,ID01-Seat-G1,-4.2350827066035555,2.586217333069668,-0.09318821925556037,0.4430856586420726,0.3551386114249389,43.333333333333336,40.34984998212699
Butterworth,10Hz-O4,ID05-Stand-G2,-6.900165034967003,1.5476598623912297,-0.029401972413156553,0.5608143219764292,1.0015360581460138,45.833333333333336,40.9168901501168
Butterworth,10Hz-O4,ID08-Seat-G3,-2.7459878859692295,2.2597652613065367,0.05083643826367001,0.44099199981870885,0.25646983701394604,45.833333333333336,40.9195666194044
Butterworth,10Hz-O4,ID10-Stand-G4,0.1038260992789511,2.283931022989276,0.22430120862141534,0.6736598036975145,0.056218055320746564,42.5,31.019800778651106
Butterworth,10Hz-O5,ID01-Seat-G1,-4.832091095388993,2.608450883393599,-0.09907436336757669,0.5526973800161546,0.25233308025969664,57.5,39.52042917482395
Butterworth,10Hz-O5,ID05-Stand-G2,-7.175222802303406,1.5900519836657796,0.029821179809965476,0.5017793618224139,0.8297223794218818,60.0,40.23255565768681
Butterworth,10Hz-O5,ID08-Seat-G3,-3.3474683715737186,2.2739668643766606,0.04404163113827556,0.37301541179276176,0.1993502698709488,55.833333333333336,39.69538929250088
Butterworth,10Hz-O5,ID10-Stand-G4,-0.7020980571498968,2.2865319309259924,0.18192558043774942,0.5695793375318698,0.06365215301458411,53.333333333333336,30.807984445317704
Butterworth,15Hz-O2,ID01-Seat-G1,0.2820751926089449,2.0812166311945686,0.19975520572499164,0.8636352810741176,0.8536709788500864,15.0,50.59841564091696
Butterworth,15Hz-O2,ID05-Stand-G2,-3.1158060941940016,0.8753621028992504,0.07939195795869718,0.8924494169908673,3.047315229770341,15.0,49.55768676964457
Butterworth,15Hz-O2,ID08-Seat-G3,2.258137808846834,1.9215717927337852,0.36854187942606026,0.9207562422171125,0.6176573383602156,15.0,54.125983115627854
Butterworth,15Hz-O2,ID10-Stand-G4,5.115444136536445,2.0792054420924466,0.4344684183578231,0.8894196517302557,0.11187772259397337,14.166666666666666,57.48772219953807
Butterworth,15Hz-O3,ID01-Seat-G1,-1.465406995718607,2.141950313663106,-0.012830868793030012,0.7676275245958347,0.6848806285697151,24.166666666666668,46.40857277369812
Butterworth,15Hz-O3,ID05-Stand-G2,-4.630205169682802,0.9633015314213083,-0.10320000517444476,0.7294376381350572,2.5620473098902816,25.0,45.37318815186695
Butterworth,15Hz-O3,ID08-Seat-G3,0.2755112962914577,1.942530511960545,0.19009662782342876,0.845946579670325,0.532791850987358,24.166666666666668,48.597635569985464
Butterworth,15Hz-O3,ID10-Stand-G4,3.3070047644868055,2.0987905947429835,0.36325432741246894,0.8214180546498321,0.0957457894473222,20.833333333333332,52.19557266085948
Butterworth,15Hz-O4,ID01-Seat-G1,-2.4563783947764866,2.1820117209727674,-0.05495233913688108,0.6104153537164597,0.603100847258835,30.0,44.13993422505569
Butterworth,15Hz-O4,ID05-Stand-G2,-5.32233581977947,1.0098313473036418,-0.10400268636318166,0.5431659310449833,2.277104867450865,30.0,43.43580950750105
Butterworth,15Hz-O4,ID08-Seat-G3,-0.9521432204509678,1.9540542233144684,0.1091287793224484,0.7525370675179852,0.4052524043799264,30.0,46.08115118250829
Butterworth,15Hz-O4,ID10-Stand-G4,2.030088941502545,2.104177797122168,0.31466377579455646,0.7495052120092717,0.08149493759158245,28.333333333333332,44.41940793081615
Butterworth,15Hz-O5,ID01-Seat-G1,-3.1301129669679653,2.209892594059266,-0.03332683980718634,0.4259315221463582,0.542202539537484,39.166666666666664,41.54637297884456
Butterworth,15Hz-O5,ID05-Stand-G2,-5.5784622959601675,1.0366084874252308,-0.045654072667842716,0.6580119273178492,2.1062385372986534,40.0,42.447654091580425
Butterworth,15Hz-O5,ID08-Seat-G3,-1.7653685631761669,1.9610428382702458,0.08044115968388928,0.7205661542930232,0.3580237501046694,36.666666666666664,44.37280613576095
Butterworth,15Hz-O5,ID10-Stand-G4,1.0501454813545001,2.105642024451229,0.26422764151259587,0.6984889847451957,0.07601444599575298,33.333333333333336,40.161964848484175
Butterworth,20Hz-O2,ID01-Seat-G1,1.9119685858164799,1.8829955951172728,0.33229501386081006,0.9318199350093482,1.10949199320147,10.0,54.5632808648193
Butterworth,20Hz-O2,ID05-Stand-G2,-1.5215817607799977,0.6299076062607987,0.20390376232067786,0.9092648479988923,4.284966233111807,10.0,51.57560245739955
Butterworth,20Hz-O2,ID08-Seat-G3,4.0550934460748636,1.777508547363303,0.4716275905362093,0.9573607856987817,0.7797617630552415,10.0,57.879104303590346
Butterworth,20Hz-O2,ID10-Stand-G4,6.561688819863154,1.9589400646257082,0.47471114605823517,0.9233272892461035,0.13347652058788897,10.0,60.23865886153044
Butterworth,20Hz-O3,ID01-Seat-G1,-0.09924142354795944,1.8971037030604079,0.09157571480481579,0.9162085497598609,0.9350453929382764,16.666666666666668,49.43452727650208
Butterworth,20Hz-O3,ID05-Stand-G2,-3.173676949086072,0.6657999599548797,-0.02384676189033409,0.9077706026256216,3.997001066079728,18.333333333333332,48.19333563228393
Butterworth,20Hz-O3,ID08-Seat-G3,1.9194749294231055,1.779069992336444,0.2947480719770753,0.9590589182578134,0.7181695160173266,15.833333333333334,53.25871339387357
Butterworth,20Hz-O3,ID10-Stand-G4,4.745168655338451,1.9830656521982692,0.3999778695974477,0.9214263942817554,0.12502776892031128,15.0,56.85213464872808
Butterworth,20Hz-O4,ID01-Seat-G1,-1.295133193732833,1.9048703348394558,-0.033386980448996746,0.8079516231588219,0.8375151399290384,24.166666666666668,46.4560224290933
Butterworth,20Hz-O4,ID05-Stand-G2,-4.076357475998692,0.683492607617464,-0.10784335541947047,0.8729336721999382,3.8319552339813945,25.0,46.05584319535366
Butterworth,20Hz-O4,ID08-Seat-G3,0.5096735334366924,1.7796550257863686,0.1791572216408318,0.9158781655278553,0.6349055383060429,20.833333333333332,49.76607685671554
Butterworth,20Hz-O4,ID10-Stand-G4,3.4979790832479303,1.9945777529670117,0.37161966902766236,0.8426506913975774,0.1082343088793129,20.0,53.99838005794329
Butterworth,20Hz-O5,ID01-Seat-G1,-2.0256105607789507,1.9093701672919021,-0.0642119232906249,0.7247400643633769,0.7682302787279461,29.166666666666668,44.80877756380387
Butterworth,20Hz-O5,ID05-Stand-G2,-4.537754970950092,0.6932820543044814,-0.10623216928820566,0.8165476133289352,3.635321649037174,30.0,44.78599679698313
Butterworth,20Hz-O5,ID08-Seat-G3,-0.46343198645482886,1.7799754543451713,0.1186704885575855,0.7930202077478193,0.5186923277791218,26.666666666666668,47.021796369587655
Butterworth,20Hz-O5,ID10-Stand-G4,2.5177114484158136,2.000706519014559,0.3420912355099012,0.8132389300447649,0.09270190168812013,24.166666666666668,49.62682753806661
Butterworth,25Hz-O2,ID01-Seat-G1,3.3386917971526793,1.7626525152555732,0.44169467402487855,0.9303507169412296,1.3163148096028288,10.0,56.80315543704542
Butterworth,25Hz-O2,ID05-Stand-G2,-0.18134572455709388,0.4752948857614679,0.31299062150058465,0.9361406813737326,5.31250251509599,10.0,52.528133068123054
Butterworth,25Hz-O2,ID08-Seat-G3,5.54032357613274,1.6888231204502226,0.549444612587031,0.9685000901885245,0.9287820857059668,10.0,60.003658621478095
Butterworth,25Hz-O2,ID10-Stand-G4,7.688468635643499,1.8638050158509163,0.5092334750120302,0.9296939844281992,0.14935710716233416,9.166666666666666,61.8228562870414
Butterworth,25Hz-O3,ID01-Seat-G1,1.1898275259904598,1.7567229462071647,0.22145337492506725,0.9486827971737727,1.1993951134757004,15.0,52.09414182379732
Butterworth,25Hz-O3,ID05-Stand-G2,-1.931659166877601,0.4863225497279931,0.08457334736691365,0.9478993436171167,5.2264436812372805,15.0,49.873796823337436
Butterworth,25Hz-O3,ID08-Seat-G3,3.3346605511102556,1.6824825066555167,0.394343186954418,0.9659083219330186,0.8909536039210364,15.0,55.62177606293348
Butterworth,25Hz-O3,ID10-Stand-G4,5.814438234611704,1.8833736894443376,0.418217688602798,0.941956002049359,0.1425685377103262,14.166666666666666,58.32751757604615
Butterworth,25Hz-O4,ID01-Seat-G1,-0.21476904202318306,1.7526375127165459,0.060773929236298825,0.9491355400976199,1.0452550657543134,18.333333333333332,49.03481550309367
Butterworth,25Hz-O4,ID05-Stand-G2,-2.9807738080371897,0.49051530994063475,-0.04562871760060217,0.9347917692664579,5.125131872302463,19.166666666666668,47.998410130994436
Butterworth,25Hz-O4,ID08-Seat-G3,1.8016251429469017,1.6786105025330913,0.27038793513428133,0.9753785682142846,0.8283966494428955,15.833333333333334,53.039760830858775
Butterworth,25Hz-O4,ID10-Stand-G4,4.567379936529308,1.894003921906223,0.38797210646020036,0.9399882331325541,0.1341287274694241,16.666666666666668,56.343778567310245
Butterworth,25Hz-O5,ID01-Seat-G1,-1.137273069921412,1.7500127997114798,-0.03320168039485313,0.8986605233501949,0.9778573122702308,21.666666666666668,47.41095668045624
Butterworth,25Hz-O5,ID05-Stand-G2,-3.635227034492726,0.492800936304474,-0.09934826531576757,0.909407875997884,4.991239316168531,23.333333333333332,46.63526072345449
Butterworth,25Hz-O5,ID08-Seat-G3,0.693927960671351,1.6762075760734076,0.1808082022495127,0.9340521873148971,0.7493034956509302,20.0,50.22025041411718
Butterworth,25Hz-O5,ID10-Stand-G4,3.6388392774047973,1.9004748450619076,0.37676316332685045,0.8896765316087758,0.11358054998406748,20.0,54.412945660400055
Butterworth,30Hz-O2,ID01-Seat-G1,4.614161601558848,1.6862801884246432,0.5257958744271569,0.9320944580977114,1.4998882884614193,8.333333333333334,59.051436283584415
Butterworth,30Hz-O2,ID05-Stand-G2,0.9829456012369425,0.370918139798839,0.40258716077072504,0.9759114544300509,6.106419393543217,10.0,54.38190657916764
Butterworth,30Hz-O2,ID08-Seat-G3,6.8125864782242145,1.6302216776857061,0.6069229049198746,0.9771238575171659,1.039894083531613,7.5,62.2501275527091
Butterworth,30Hz-O2,ID10-Stand-G4,8.651154390649031,1.785789395259311,0.5434803715473668,0.9379440097783455,0.16519164534798134,7.5,63.41697722614601
Butterworth,30Hz-O3,ID01-Seat-G1,2.4299655219732563,1.6754745214416689,0.3395951618170801,0.9624402908439954,1.4798475457088482,10.0,55.289130689821334
Butterworth,30Hz-O3,ID05-Stand-G2,-0.8537381636883916,0.37191370441909705,0.19140562589806612,0.9164455059681211,6.160671944957787,10.0,51.5177697240761
Butterworth,30Hz-O3,ID08-Seat-G3,4.59020595554727,1.623239138846646,0.4766326227632458,0.9763294479311786,1.0306853473420876,10.0,58.54659786592751
Butterworth,30Hz-O3,ID10-Stand-G4,6.7163658469639556,1.7967769903266915,0.43984161867079735,0.9357617276153891,0.15853540013209583,10.0,60.193986625071894
Butterworth,30Hz-O4,ID01-Seat-G1,0.8928596242883268,1.6697399649210747,0.1796640843528378,0.9630030972127978,1.3272922885274971,15.0,51.5553557429986
Butterworth,30Hz-O4,ID05-Stand-G2,-2.0168600294690235,0.37118805338830824,0.04466935481966078,0.9229113611913545,6.180506837877939,15.0,49.44957696710423
Butterworth,30Hz-O4,ID08-Seat-G3,2.988226307473807,1.6197363242533058,0.36260190172441137,0.959823534841512,0.9931909078201859,15.0,55.006858244614456
Butterworth,30Hz-O4,ID10-Stand-G4,5.414202336392598,1.8015745441001483,0.394060262107383,0.9549260597285817,0.15373426243834626,15.0,57.64428460084088
Butterworth,30Hz-O5,ID01-Seat-G1,-0.20873080087305038,1.6666159371765705,0.05742614767952573,0.9654664051159747,1.1486247342206535,17.5,49.25802813317631
Butterworth,30Hz-O5,ID05-Stand-G2,-2.8041747645616506,0.37024061361798166,-0.04737030043669718,0.9016451330103492,6.021175499671533,19.166666666666668,47.81961507844318
Butterworth,30Hz-O5,ID08-Seat-G3,1.7903295559518153,1.6178537448003187,0.26610040815320557,0.9822262925491702,0.9176608105786958,15.833333333333334,53.03054741318004
Butterworth,30Hz-O5,ID10-Stand-G4,4.475412735003956,1.8040729199174776,0.37796569169945776,0.9549162713025982,0.1445334381307889,17.5,56.08473677926287
Butterworth,35Hz-O2,ID01-Seat-G1,5.7520488706487525,1.6345541181975871,0.5889639654295954,0.9328102708097706,1.6550611156666706,5.0,61.33332996541956
Butterworth,35Hz-O2,ID05-Stand-G2,2.0244090024471766,0.29559724335216314,0.4752039123960796,0.9714793774784177,6.90977600564814,5.0,56.94583523280985
Butterworth,35Hz-O2,ID08-Seat-G3,7.928521524939778,1.5881684081776495,0.6495699564728604,0.9827692631952889,1.1107369137354302,5.0,64.21414251446268
Butterworth,35Hz-O2,ID10-Stand-G4,9.520528302265838,1.7215129407810297,0.5772123708556346,0.9373819974578471,0.18621620108713444,5.0,65.03653107097233
Butterworth,35Hz-O3,ID01-Seat-G1,3.585460751160264,1.624602188999293,0.4351658691401779,0.9678058364061429,1.5933374749506137,10.0,57.18823395174232
Butterworth,35Hz-O3,ID05-Stand-G2,0.12156501626504117,0.29303542991876314,0.2855454610841241,0.9606465175360658,6.821440488562195,10.0,52.566388562076305
Butterworth,35Hz-O3,ID08-Seat-G3,5.720887639009469,1.5830642990119,0.5397699149628717,0.9699372214978453,1.1096897661281313,10.0,60.118848108720236
Butterworth,35Hz-O3,ID10-Stand-G4,7.561084398431689,1.726532165433545,0.4690020819312896,0.9416893530235333,0.17639816443672143,10.0,61.28704677803404
Butterworth,35Hz-O4,ID01-Seat-G1,1.9923925399170794,1.619875232462842,0.29090178796744537,0.9742293832061493,1.585136363628779,10.0,54.54530286570367
Butterworth,35Hz-O4,ID05-Stand-G2,-1.1333999165313529,0.29186288786451786,0.14057557611203994,0.9402540267574561,6.708337760803032,11.666666666666666,50.922253621294246
Butterworth,35Hz-O4,ID08-Seat-G3,4.086896661698883,1.5810033955696952,0.44113615456136795,0.9669867356686105,1.1277807066257386,10.0,57.730351499252194
Butterworth,35Hz-O4,ID10-Stand-G4,6.209319281974671,1.7274996964242864,0.4121543635362042,0.9405251819848747,0.1711704305247345,10.0,59.50310291842058
Butterworth,35Hz-O5,ID01-Seat-G1,0.7821757284673492,1.617485638817893,0.16404314751602575,0.9721826300538113,1.4602375600506095,15.0,51.3734124851066
Butterworth,35Hz-O5,ID05-Stand-G2,-2.013109786530965,0.2915405395779116,0.03412346600579547,0.9458697912022282,6.854020827635299,15.0,49.485274951054606
Butterworth,35Hz-O5,ID08-Seat-G3,2.8315293680583182,1.5800470278967411,0.34999769000161934,0.9640263995717259,1.0752145509393785,15.0,54.77664404092909
Butterworth,35Hz-O5,ID10-Stand-G4,5.2117597837851015,1.7271692883906793,0.380992921365974,0.963327738471495,0.1643541537190452,15.0,57.38584538638738
Butterworth,40Hz-O2,ID01-Seat-G1,6.77009674352374,1.596789681791515,0.6365905455365134,0.9470637492389619,1.7462464843544794,5.0,62.77984458124239
Butterworth,40Hz-O2,ID05-Stand-G2,2.9775754056888126,0.23805794816919532,0.5345370699532099,0.9665383802901565,7.49134189630454,5.0,58.319295331788666
Butterworth,40Hz-O2,ID08-Seat-G3,8.927470711540305,1.5552298016266963,0.6821027748299854,0.9868521575965428,1.1577399059746076,5.0,65.47750231074791
Butterworth,40Hz-O2,ID10-Stand-G4,10.326524222099176,1.66759786936265,0.6095425233922378,0.9413249183316094,0.20543432363557268,5.0,66.104717739199
Butterworth,40Hz-O3,ID01-Seat-G1,4.638542867928908,1.589585980879012,0.5096422224595089,0.9658986835664226,1.719291720623769,9.166666666666666,58.95701962087399
Butterworth,40Hz-O3,ID05-Stand-G2,1.0358863986535514,0.23400455959650035,0.3659146821564305,0.9821246425395848,7.369617529837996,10.0,54.190869727524706
Butterworth,40Hz-O3,ID08-Seat-G3,6.753141926695126,1.5522558999410243,0.587215425335879,0.9740250737977164,1.1874385129285991,7.5,62.02738298570281
Butterworth,40Hz-O3,ID10-Stand-G4,8.368333125025691,1.6702343982038208,0.5002659206580033,0.9490303558990535,0.19247799543012092,9.166666666666666,62.532145976122656
Butterworth,40Hz-O4,ID01-Seat-G1,3.0379855139799097,1.5863444413053545,0.3863509835053633,0.97319267956689,1.7334069371894554,10.0,56.301581288104586
Butterworth,40Hz-O4,ID05-Stand-G2,-0.2989119936603916,0.23218260308305697,0.22777545271966168,0.9324129093714711,7.349365436611076,10.0,51.87038044225481
Butterworth,40Hz-O4,ID08-Seat-G3,5.116379542414563,1.5514899818032386,0.503898141515181,0.9730845032958966,1.1319573106945329,10.0,59.26103812025789
Butterworth,40Hz-O4,ID10-Stand-G4,7.006026668086261,1.6712730008391568,0.44063358545434134,0.9479271222751248,0.18453806183687646,10.0,60.55041417036945
Butterworth,40Hz-O5,ID01-Seat-G1,1.7836195197380205,1.5845682578691962,0.26653180100522844,0.9795115126534233,1.6946324852211905,11.666666666666666,53.84683225721102
Butterworth,40Hz-O5,ID05-Stand-G2,-1.2475625896892013,0.23161731564579255,0.1182440655024114,0.950626321208329,7.07717632766527,14.166666666666666,50.30662876397639
Butterworth,40Hz-O5,ID08-Seat-G3,3.833219527377869,1.551255761166774,0.42343718463167995,0.9689292078984882,1.1794338189914415,10.0,57.35364445160791
Butterworth,40Hz-O5,ID10-Stand-G4,5.969524642048291,1.6716325339911304,0.4030761651282786,0.9466667893191759,0.1816637847643978,12.5,58.72592982710625
Butterworth,45Hz-O2,ID01-Seat-G1,7.692434199273808,1.566885213930793,0.6732052940301663,0.960473974360727,1.7816669003481778,5.0,64.04384377630369
Butterworth,45Hz-O2,ID05-Stand-G2,3.8644478970118263,0.1919900256429334,0.5836806133390176,0.9750239723791134,8.326692228960447,5.0,59.61717235895002
Butterworth,45Hz-O2,ID08-Seat-G3,9.839887922563776,1.5272746025096977,0.7080703024098981,0.9908443883633323,1.2328969204419327,5.0,66.60463713245467
Butterworth,45Hz-O2,ID10-Stand-G4,11.088153881007896,1.6208848376624818,0.640536644415561,0.9445513265957796,0.2210041620235701,5.0,67.1149353471035
Butterworth,45Hz-O3,ID01-Seat-G1,5.597987367239386,1.56292878761668,0.5664024559769499,0.9583373631936781,1.857723354526556,5.0,61.1376926030349
Butterworth,45Hz-O3,ID05-Stand-G2,1.9175253048194791,0.18793576266446507,0.43535403144753815,0.9991615473402162,7.617938631559855,5.0,56.67848827737709
Butterworth,45Hz-O3,ID08-Seat-G3,7.708150400254326,1.5258130317080525,0.6230434096236551,0.988837596404347,1.2107394880325208,5.0,63.825163954453465
Butterworth,45Hz-O3,ID10-Stand-G4,9.127521027952994,1.6220778489903351,0.5297634938629382,0.946511447838478,0.20353753549201192,5.0,64.33330447111742
Butterworth,45Hz-O4,ID01-Seat-G1,4.014501115448249,1.5617027850565115,0.4656693813791853,0.9701859573844657,1.7806497363002654,10.0,57.857951262714465
Butterworth,45Hz-O4,ID05-Stand-G2,0.5222471782881227,0.1853807775366764,0.30813462669887387,0.987401239081489,7.568192855885858,10.0,53.270263073937116
Butterworth,45Hz-O4,ID08-Seat-G3,6.0857346978018265,1.5258924796954496,0.5526612722969202,0.9762623353393548,1.2004481025201863,10.0,60.6120059167255
Butterworth,45Hz-O4,ID10-Stand-G4,7.773286232122895,1.6239528098834215,0.4679167671233828,0.9533296216674773,0.20212653463920996,10.0,61.54931009388566
Butterworth,45Hz-O5,ID01-Seat-G1,2.751718037618424,1.5611251574277176,0.36149871242358483,0.9775923457556918,1.8169229477495075,10.0,55.850920109573764
Butterworth,45Hz-O5,ID05-Stand-G2,-0.5042593013493785,0.18367542594419525,0.19680691639360226,0.9624332808673546,7.573972457803286,10.0,51.78821827728879
Butterworth,45Hz-O5,ID08-Seat-G3,4.797653898237546,1.5261860457008565,0.48469401373226334,0.9743615150023449,1.1536041269392636,10.0,58.804666576241246
Butterworth,45Hz-O5,ID10-Stand-G4,6.737198941506972,1.6256114176306244,0.4316502638693771,0.9528464908048959,0.19514756124550228,10.0,60.23880837455178
Butterworth,50Hz-O2,ID01-Seat-G1,8.545571135574335,1.54113486985547,0.702426012831027,0.9857743433391767,1.8544369736019501,5.0,65.24263794850292
Butterworth,50Hz-O2,ID05-Stand-G2,4.699456777587932,0.1533294251492042,0.624967999552609,0.9807134509303994,9.01614488357898,5.0,60.7902840288845
Butterworth,50Hz-O2,ID08-Seat-G3,10.690919002961571,1.5019635402795897,0.7300609834563957,1.0046054931987352,1.3046272105906938,5.0,67.66637637888454
Butterworth,50Hz-O2,ID10-Stand-G4,11.826250218877952,1.5791882559732286,0.6708859463621053,0.9473642946831228,0.23297377742474026,5.0,68.09471629000936
Butterworth,50Hz-O3,ID01-Seat-G1,6.485110973509605,1.5397483837959651,0.6086015436084996,0.9703986558217665,1.9254605960656273,5.0,62.401615829682186
Butterworth,50Hz-O3,ID05-Stand-G2,2.776848431488771,0.1510612561255147,0.49457093514015266,0.984775810122502,7.977511676635642,5.0,57.910009495652425
Butterworth,50Hz-O3,ID08-Seat-G3,8.608856859792064,1.501136647407905,0.650927723634363,0.9921870186714727,1.2434278719393028,5.0,64.95174988040715
Butterworth,50Hz-O3,ID10-Stand-G4,9.847021186144095,1.57777668508572,0.5588848137527063,0.9658329468368095,0.21555073168870886,5.0,65.36782202347344
Butterworth,50Hz-O4,ID01-Seat-G1,4.93338128838267,1.5403845253808266,0.5270579336590047,0.9697584951147307,1.8971280598188158,6.666666666666667,59.901774933065525
Butterworth,50Hz-O4,ID05-Stand-G2,1.3630934347048493,0.14959405772117262,0.3842348724502879,1.0061833524021369,7.998131960855697,7.5,55.24485497808202
Butterworth,50Hz-O4,ID08-Seat-G3,7.010279162140489,1.5014203220059128,0.5898771244565962,1.0020545441004372,1.244841911461045,5.0,62.93435759556496
Butterworth,50Hz-O4,ID10-Stand-G4,8.484679948565182,1.578557584213514,0.4904140138087371,0.9500623360376718,0.21359354608873238,8.333333333333334,62.746430065652405
Butterworth,50Hz-O5,ID01-Seat-G1,3.6836619870345495,1.541186810084266,0.4439183591219174,0.9690119695059046,1.8545507397980032,10.0,57.35810952797844
Butterworth,50Hz-O5,ID05-Stand-G2,0.2701972510571202,0.1484746928621761,0.2790648619938343,0.9894818798360699,7.538725152047706,10.0,52.81059311519123
Butterworth,50Hz-O5,ID08-Seat-G3,5.726872730444009,1.5017590216802297,0.5331642432484086,0.9904446043523764,1.2424451337460611,10.0,60.17782757656895
Butterworth,50Hz-O5,ID10-Stand-G4,7.462511183258854,1.5798074385546192,0.45300521195727256,0.9587179330440283,0.20868062260240125,10.0,61.15363993815854
Biquad,5Hz-Q0.5,ID01-Seat-G1,-7.743062203103545,3.321726993533211,-0.12921029459787267,0.39973321318576804,0.1917298570516569,35.0,41.529588856444796
Biquad,5Hz-Q0.5,ID05-Stand-G2,-10.347977006125536,2.25174126421951,-0.12135619961867815,0.37662695347608377,0.6065376580717302,32.5,41.97296327024033
Biquad,5Hz-Q0.5,ID08-Seat-G3,-5.434150157538386,2.9345715077463317,0.0669863134314606,0.22774868220301436,0.16524915331040388,40.0,41.141140761751025
Biquad,5Hz-Q0.5,ID10-Stand-G4,-1.611861751348416,2.8344753822952757,0.23498982052804254,0.25623477326100713,0.034230558273566636,43.333333333333336,22.146098335668675
Biquad,5Hz-Q0.707,ID01-Seat-G1,-6.128519293193373,3.110243769136956,-0.13318505976582334,0.36536241718216966,0.2242888421197264,35.833333333333336,41.1612574710005
Biquad,5Hz-Q0.707,ID05-Stand-G2,-8.553171668741973,2.0783728742882643,-0.10274190566407244,0.40700714179972936,0.7130546079781005,32.5,42.2644714165181
Biquad,5Hz-Q0.707,ID08-Seat-G3,-4.003475308732516,2.737606185084647,0.07350599668343975,0.19067281638899683,0.1984217651263114,39.166666666666664,41.171325723737446
Biquad,5Hz-Q0.707,ID10-Stand-G4,-0.3755358844576544,2.6437264091900996,0.24783094539339,0.5400471287450244,0.037328590526432025,39.166666666666664,25.42421155877182
Biquad,5Hz-Q1.0,ID01-Seat-G1,-4.697788706831504,2.9060137147673832,-0.13260109591620076,0.3912216884663551,0.2532237416038113,39.166666666666664,40.62826688962694
Biquad,5Hz-Q1.0,ID05-Stand-G2,-7.131407132397173,1.923082319936358,-0.08385065666002016,0.42153621382367007,0.8159415683969143,35.833333333333336,41.81213447750153
Biquad,5Hz-Q1.0,ID08-Seat-G3,-2.976974205417317,2.551581463613365,0.0717512665593804,0.3573989915005977,0.22990253972870942,39.166666666666664,41.99179612336501
Biquad,5Hz-Q1.0,ID10-Stand-G4,0.5158590641618678,2.4654627727735785,0.252510395541695,0.6796500874844185,0.04862260045820906,38.333333333333336,30.22805093894272
Biquad,5Hz-Q1.5,ID01-Seat-G1,-3.315560578130372,2.6755635127883584,-0.1293386321290486,0.5267190378687899,0.277615845322237,40.833333333333336,40.996888781709416
Biquad,5Hz-Q1.5,ID05-Stand-G2,-5.905124788092749,1.757031547881421,-0.06629272076354535,0.5762523426402008,0.9250787078320136,37.5,42.38406630747441
Biquad,5Hz-Q1.5,ID08-Seat-G3,-2.20523715634379,2.3411229702128105,0.05973030888976839,0.3881657419856728,0.26509140763544387,41.666666666666664,41.5554726932683
Biquad,5Hz-Q1.5,ID10-Stand-G4,1.1188332186020065,2.2724530870387376,0.24778662987787095,0.795000749207469,0.07704448835909973,37.5,40.065583196453304
Biquad,5Hz-Q2.0,ID01-Seat-G1,-2.5529271969666976,2.5184226227377144,-0.1274837604299004,0.6222490080622799,0.2842822918852763,44.166666666666664,40.821783503753814
Biquad,5Hz-Q2.0,ID05-Stand-G2,-5.252798555771293,1.6426385963558363,-0.057668657046673406,0.5993294679865567,1.0030204733589083,39.166666666666664,42.2307990787494
Biquad,5Hz-Q2.0,ID08-Seat-G3,-1.8569236632862676,2.194210531869514,0.04710661648422961,0.5981734440074803,0.29504170200500474,43.333333333333336,42.17750017700245
Biquad,5Hz-Q2.0,ID10-Stand-G4,1.3046214223228876,2.1435923230129195,0.23879680949357784,0.952310351316693,0.10743402578258542,38.333333333333336,47.690482583441515
Biquad,10Hz-Q0.5,ID01-Seat-G1,-3.362261529112035,2.639208845072544,0.04718254447386422,0.6806178965490197,0.45369807136776036,21.666666666666668,46.92362523296574
Biquad,10Hz-Q0.5,ID05-Stand-G2,-6.297020392886662,1.5071467192754768,-0.024209341402014903,0.6136354306793018,1.4158503012682495,19.166666666666668,46.55327375954806
Biquad,10Hz-Q0.5,ID08-Seat-G3,-1.418295007613968,2.3896217854310318,0.22943215040263623,0.6076718122624996,0.3527576192284528,23.333333333333332,47.5924335226656
Biquad,10Hz-Q0.5,ID10-Stand-G4,1.9018253275768984,2.4365417000237444,0.3540009380447294,0.6439494561234311,0.06258749067073614,23.333333333333332,39.3861601780837
Biquad,10Hz-Q0.707,ID01-Seat-G1,-1.858672084674083,2.4194055098608764,0.05110438220722913,0.736186337321512,0.5586566158616803,20.833333333333332,47.39754788649511
Biquad,10Hz-Q0.707,ID05-Stand-G2,-5.124278243898478,1.2937949343474962,-0.03825389120186013,0.727400079769001,1.7380943410917993,20.833333333333332,46.68342954816438
Biquad,10Hz-Q0.707,ID08-Seat-G3,-0.09005566239242742,2.1779955717944546,0.23572408264465275,0.7403506433303302,0.42676528602749014,23.333333333333332,48.30301716981988
Biquad,10Hz-Q0.707,ID10-Stand-G4,3.0460819483623087,2.2589956861108136,0.3702032976642129,0.7281463327564625,0.07680820911295937,22.5,45.50580107851402
Biquad,10Hz-Q1.0,ID01-Seat-G1,-0.7342516211403011,2.218699893977407,0.05421464616094912,0.7704809956522682,0.6690695777730191,21.666666666666668,47.42568149113512
Biquad,10Hz-Q1.0,ID05-Stand-G2,-4.223689802288001,1.0947578748198918,-0.05152443875349528,0.7619873871317457,2.10878666205516,20.833333333333332,46.75683697834085
Biquad,10Hz-Q1.0,ID08-Seat-G3,0.8761375377833988,1.9783302972987666,0.23562549365754604,0.8427278581646579,0.4973018537888414,20.833333333333332,50.190301364371614
Biquad,10Hz-Q1.0,ID10-Stand-G4,3.8230161608800084,2.087478431069082,0.37968567035008166,0.7848539834519155,0.09519414160007195,19.166666666666668,52.81983775245346
Biquad,10Hz-Q1.5,ID01-Seat-G1,0.04347008915737497,2.003796347462129,0.055723260295516365,0.86094191308626,0.7874687605164526,21.666666666666668,47.93277077347171
Biquad,10Hz-Q1.5,ID05-Stand-G2,-3.4147283756317743,0.8779768811013952,-0.06287285267580082,0.8672934950160663,2.5771008909721975,21.666666666666668,47.0315877466785
Biquad,10Hz-Q1.5,ID08-Seat-G3,1.4495375663407275,1.7584964137967465,0.2275486780640302,0.935277335704562,0.5800755589733418,21.666666666666668,50.999205997010435
Biquad,10Hz-Q1.5,ID10-Stand-G4,4.184354681709211,1.8939470702417311,0.3815153546650971,0.9047873059631079,0.11834207302634174,19.166666666666668,55.23632303817965
Biquad,10Hz-Q2.0,ID01-Seat-G1,0.29598685088254006,1.8603318065976489,0.05541147656753546,0.9333935127155271,0.8586631201507119,21.666666666666668,48.54520715538336
Biquad,10Hz-Q2.0,ID05-Stand-G2,-2.952774790816358,0.7324273327655662,-0.06781680790827253,0.924057976030347,2.889707717130426,23.333333333333332,46.94499715417302
Biquad,10Hz-Q2.0,ID08-Seat-G3,1.5195379043252517,1.6083458497468595,0.21678796471854678,0.9876528152523089,0.6314341920063501,21.666666666666668,51.25037838264256
Biquad,10Hz-Q2.0,ID10-Stand-G4,4.115637097520448,1.7608989173988743,0.37699072854261634,0.9666256661038117,0.14645465444379605,17.5,55.776195892109115
Biquad,15Hz-Q0.5,ID01-Seat-G1,-0.9977255552748887,2.305090943553074,0.1942145870274056,0.8004382046642308,0.7026127494038458,15.833333333333334,49.792133759360034
Biquad,15Hz-Q0.5,ID05-Stand-G2,-4.174940823694353,1.1134981538503366,0.08948495710489353,0.7895949071191106,2.283150990806598,15.0,49.119111713882255
Biquad,15Hz-Q0.5,ID08-Seat-G3,0.952203944152182,2.124273610753426,0.35421876705786626,0.8190907061842218,0.5038874041738742,16.666666666666668,51.87096489467395
Biquad,15Hz-Q0.5,ID10-Stand-G4,3.981110684456528,2.238413788130599,0.4203652142523098,0.7855667155735097,0.0899496215039951,15.833333333333334,52.379903153748266
Biquad,15Hz-Q0.707,ID01-Seat-G1,0.28161161044346966,2.081310854220164,0.19975533324607153,0.8636149076964221,0.8536060728954763,15.0,50.597851148271126
Biquad,15Hz-Q0.707,ID05-Stand-G2,-3.116211084967034,0.8754631308691868,0.07939707397348747,0.8924301800620705,3.046926922256976,15.0,49.55762895511151
Biquad,15Hz-Q0.707,ID08-Seat-G3,2.257649223503156,1.9216576743915657,0.36853785740473316,0.9207394720609267,0.6176055149180336,15.0,54.12538051434329
Biquad,15Hz-Q0.707,ID10-Stand-G4,5.115023136981809,2.079272803849808,0.4344635732439095,0.8894020537969021,0.11186799324338105,14.166666666666666,57.48717687196231
Biquad,15Hz-Q1.0,ID01-Seat-G1,1.1145790132653393,1.8726799667897882,0.19388326394217995,0.9482310364758283,0.9966206110595773,15.0,51.809858675210826
Biquad,15Hz-Q1.0,ID05-Stand-G2,-2.3071693557839636,0.6503757355796546,0.06674159902690263,0.9483857395653194,3.967544500543779,15.0,49.74249069052837
Biquad,15Hz-Q1.0,ID08-Seat-G3,3.1591993042362105,1.730043539001984,0.3727699896681392,0.9596248813943031,0.7358713344730856,15.0,55.253098633718764
Biquad,15Hz-Q1.0,ID10-Stand-G4,5.877291915463953,1.9286473208713242,0.44261073402268014,0.9339088982236579,0.13447291987174184,14.166666666666666,58.533083578419024
Biquad,15Hz-Q1.5,ID01-Seat-G1,1.5366363320440843,1.6481534996082718,0.17494523030991904,0.9812552365082473,1.1426808936162944,15.0,52.25500174190971
Biquad,15Hz-Q1.5,ID05-Stand-G2,-1.6337484860242546,0.40522357475586235,0.05137979918225272,1.0118227614251871,5.068410666138116,15.0,49.88534849386689
Biquad,15Hz-Q1.5,ID08-Seat-G3,3.620465495520522,1.5195367457531403,0.3660441815527724,0.9768975688013749,0.8721833956994764,14.166666666666666,55.916951367839864
Biquad,15Hz-Q1.5,ID10-Stand-G4,6.207527015554825,1.7608067937941103,0.4448517573910527,0.9718459262987711,0.16361119465881066,11.666666666666666,59.56981149414824
Biquad,15Hz-Q2.0,ID01-Seat-G1,1.5625421860508901,1.5010943784975552,0.1561756213594425,1.021379604536607,1.2802664813075244,15.0,52.23385934624672
Biquad,15Hz-Q2.0,ID05-Stand-G2,-1.295494380224776,0.2429293738533562,0.04129630529214405,1.0610334993376496,5.874147941247398,15.0,49.80972228969108
Biquad,15Hz-Q2.0,ID08-Seat-G3,3.595699958914578,1.377919005061562,0.3548879319261462,1.0059161496702453,0.9637374663204915,12.5,56.257359448360674
Biquad,15Hz-Q2.0,ID10-Stand-G4,6.106949430013799,1.6457075666113694,0.44211977968618726,1.0018999084140392,0.19114800548589625,10.0,59.922847777660216
Biquad,20Hz-Q0.5,ID01-Seat-G1,0.6887594669130613,2.1019561532626785,0.3130487861999132,0.8497364403466378,0.8802976848335112,13.333333333333334,52.11864089847893
Biquad,20Hz-Q0.5,ID05-Stand-G2,-2.6228001775778154,0.8688954229795444,0.19744702428282745,0.8752634780785294,3.138405403912648,10.833333333333334,51.19050340584719
Biquad,20Hz-Q0.5,ID08-Seat-G3,2.708148997748325,1.9648674911097759,0.44837142678046016,0.894366149387877,0.6366122868176448,13.333333333333334,55.37609877887449
Biquad,20Hz-Q0.5,ID10-Stand-G4,5.475986850865386,2.1076968176512705,0.46696353148141884,0.8567504702689148,0.11074982663812806,14.166666666666666,57.928632354987265
Biquad,20Hz-Q0.707,ID01-Seat-G1,1.911527080549656,1.8830888093701725,0.3322891855418921,0.9318005673629889,1.1093795900938543,10.0,54.562698808928786
Biquad,20Hz-Q0.707,ID05-Stand-G2,-1.522012411024719,0.63000900624801,0.20390190073110656,0.9092419075358027,4.284425937901321,10.0,51.57547379316232
Biquad,20Hz-Q0.707,ID08-Seat-G3,4.0545838774907725,1.7775879938178532,0.47161978924288567,0.95734703945667,0.7796975231269223,10.0,57.878467494095766
Biquad,20Hz-Q0.707,ID10-Stand-G4,6.561295849948784,1.9590029933910114,0.4747096397977916,0.9233148910695311,0.1334667286500658,10.0,60.238192603779886
Biquad,20Hz-Q1.0,ID01-Seat-G1,2.689306950915741,1.6736016583468736,0.3399428438379228,0.9504292256421124,1.372735685865772,10.0,55.49102440791073
Biquad,20Hz-Q1.0,ID05-Stand-G2,-0.6536501568299988,0.4039262629590035,0.20592070236979612,0.9523954260404213,5.581101517875982,10.0,51.80638239797558
Biquad,20Hz-Q1.0,ID08-Seat-G3,5.001030599995123,1.599412570594664,0.48382560278751074,0.9772002435490877,0.9814937339004745,10.0,59.01572383864689
Biquad,20Hz-Q1.0,ID10-Stand-G4,7.247371882704108,1.8184015613705673,0.47425818503488193,0.9604074407403572,0.15498410564263362,10.0,61.10634547416751
Biquad,20Hz-Q1.5,ID01-Seat-G1,3.003304485235718,1.4389766410968272,0.3360421582384894,1.0233556720930912,1.7564907817540252,10.0,56.0236206720244
Biquad,20Hz-Q1.5,ID05-Stand-G2,0.04642026844306887,0.1567263660570403,0.20282735907258642,1.0422674480311187,7.179358172388581,10.0,52.06762546148747
Biquad,20Hz-Q1.5,ID08-Seat-G3,5.461785516230104,1.3992194988510605,0.48347655385044314,1.000655335746637,1.2459905920405454,10.0,59.587859670108436
Biquad,20Hz-Q1.5,ID10-Stand-G4,7.481723170022167,1.6622663208245292,0.46566227318977765,0.991114792891727,0.1742397352672196,10.0,61.42976418340413
Biquad,20Hz-Q2.0,ID01-Seat-G1,2.916009304594841,1.2788142777899956,0.32694867721054455,1.0454948827473076,2.0460759734935636,10.833333333333334,55.701457717007266
Biquad,20Hz-Q2.0,ID05-Stand-G2,0.347233675129533,-0.008066016392774747,0.1976577916956426,1.136829996886342,8.316818639475793,10.0,52.329667112846856
Biquad,20Hz-Q2.0,ID08-Seat-G3,5.377913229011093,1.2604263410347518,0.47419952714877006,1.036659269151247,1.4337245494822162,10.0,59.43440968262688
Biquad,20Hz-Q2.0,ID10-Stand-G4,7.324862406686676,1.555187160263609,0.456203718262501,1.012485319881044,0.18578469911090312,8.333333333333334,61.579723626988766
Biquad,25Hz-Q0.5,ID01-Seat-G1,2.063080390894269,1.9655950826451294,0.4084522004166893,0.9054959101705333,1.0476496247919698,10.0,55.15395144487209
Biquad,25Hz-Q0.5,ID05-Stand-G2,-1.348391947938759,0.7018008652212333,0.2915567469065424,0.9009085443960734,3.93928182710718,10.0,52.19121832377943
Biquad,25Hz-Q0.5,ID08-Seat-G3,4.1414897678102145,1.8576606849707138,0.5202011342541255,0.9212307461790604,0.7450658039262174,10.0,58.14915200561146
Biquad,25Hz-Q0.5,ID10-Stand-G4,6.661125641411668,2.009124803759511,0.5053440184889962,0.9153189604223958,0.1265840761285769,9.166666666666666,60.69446724885778
Biquad,25Hz-Q0.707,ID01-Seat-G1,3.338212653215802,1.762738249127172,0.44168221715960204,0.9303327871888755,1.3161931969094927,10.0,56.8024932178572
Biquad,25Hz-Q0.707,ID05-Stand-G2,-0.18180620067711742,0.475390245608397,0.3129825180916068,0.9361228799628947,5.311859477610681,10.0,52.52798328550152
Biquad,25Hz-Q0.707,ID08-Seat-G3,5.539788439913277,1.688894183346724,0.5494340187238828,0.9684886421740487,0.9286855219922131,10.0,60.002986791212635
Biquad,25Hz-Q0.707,ID10-Stand-G4,7.688109617899536,1.8638674758810516,0.50923396463529,0.9296825818485958,0.14934653616340615,9.166666666666666,61.822443928573854
Biquad,25Hz-Q1.0,ID01-Seat-G1,4.230407663906427,1.5721057893824497,0.46530496956375683,0.9868141082053294,1.6000112012739691,10.0,58.15426547666125
Biquad,25Hz-Q1.0,ID05-Stand-G2,0.7429681213788227,0.2644083608613964,0.32797115092417267,0.9736894169201952,6.862160036514656,10.0,53.57119883791109
Biquad,25Hz-Q1.0,ID08-Seat-G3,6.546722058666212,1.5307159865408944,0.5685314336193341,0.9939977579211458,1.1583471639561314,10.0,61.28069660041695
Biquad,25Hz-Q1.0,ID10-Stand-G4,8.273049202212679,1.7214670921450272,0.5034762783700336,0.9582438775653687,0.17216745964684108,9.166666666666666,62.50700734448144
Biquad,25Hz-Q1.5,ID01-Seat-G1,4.695231717450826,1.3649497942541864,0.47946932299342987,1.0306236807484204,2.0478607841966583,7.5,59.29125163990155
Biquad,25Hz-Q1.5,ID05-Stand-G2,1.4469234502994146,0.03764643587739266,0.3347246729380828,0.9926798112128155,8.763136677110122,9.166666666666666,54.58742422006577
Biquad,25Hz-Q1.5,ID08-Seat-G3,7.070985153235018,1.3563952034340254,0.5773812395546748,1.0231630618534608,1.45523710364,6.666666666666667,62.56801111656174
Biquad,25Hz-Q1.5,ID10-Stand-G4,8.326167323992006,1.5554695877881786,0.4869123228889038,0.9734627439897272,0.19572632128832954,8.333333333333334,62.67865679894076
Biquad,25Hz-Q2.0,ID01-Seat-G1,4.660163258381518,1.2276809719797852,0.4801240597861722,1.065509716350822,2.376339854470619,6.666666666666667,59.427760373444485
Biquad,25Hz-Q2.0,ID05-Stand-G2,1.6978844920133616,-0.11113862110449402,0.33178313035569723,1.0524308468853771,10.077922211546595,9.166666666666666,54.85292463634776
Biquad,25Hz-Q2.0,ID08-Seat-G3,7.020298728039276,1.2382582597573921,0.5750588907201101,1.052876284613304,1.6639577477073269,5.833333333333333,62.66657374177343
Biquad,25Hz-Q2.0,ID10-Stand-G4,8.005626439978112,1.4368428843055483,0.47085273462339705,0.9799351803340032,0.21173498626863793,8.333333333333334,62.27003118465695
Biquad,30Hz-Q0.5,ID01-Seat-G1,3.2583407012518197,1.8679243265292707,0.48483995585252687,0.9037849854937124,1.205183341095711,10.0,56.91356529761433
Biquad,30Hz-Q0.5,ID05-Stand-G2,-0.23943431781087976,0.5796527203359539,0.3715622012012673,0.921538981797371,4.634662629057114,10.0,52.89441141799636
Biquad,30Hz-Q0.5,ID08-Seat-G3,5.375811438496279,1.779998849265346,0.5760230630848947,0.9526596420511145,0.8309401226537289,10.0,59.95928262188856
Biquad,30Hz-Q0.5,ID10-Stand-G4,7.664512544649301,1.929424627192459,0.5397980481556702,0.9276479428660905,0.14059029050749755,9.166666666666666,62.01790428681394
Biquad,30Hz-Q0.707,ID01-Seat-G1,4.613634983747715,1.6863556936568065,0.5257801424910012,0.932079161519435,1.4997498067024078,8.333333333333334,59.05071519336074
Biquad,30Hz-Q0.707,ID05-Stand-G2,0.9824640444751576,0.3710051754565306,0.4025753854756246,0.9758932564511511,6.105750851997461,10.0,54.3812457177981
Biquad,30Hz-Q0.707,ID08-Seat-G3,6.812034572635483,1.6302839023827118,0.6069116699298708,0.9771138716129588,1.0398012319088359,7.5,62.249441455174306
Biquad,30Hz-Q0.707,ID10-Stand-G4,8.650815698711304,1.7858519260912658,0.5434807082098364,0.9379344536420372,0.1651800721466423,7.5,63.416593278495256
Biquad,30Hz-Q1.0,ID01-Seat-G1,5.637743713937312,1.521206911753746,0.5561159150710396,0.992933865149258,1.8223240267622856,5.0,61.27328240271639
Biquad,30Hz-Q1.0,ID05-Stand-G2,1.9381130949645105,0.17995018637239066,0.42453096024324016,0.9694715912331043,7.66755742115799,5.833333333333333,56.30278658628767
Biquad,30Hz-Q1.0,ID08-Seat-G3,7.855423207896913,1.4936805965688398,0.6272309082571091,0.998664452261329,1.2753737542956387,5.0,64.05297728113187
Biquad,30Hz-Q1.0,ID10-Stand-G4,9.185046496367036,1.6412996948227159,0.5388057000345255,0.9590340711711,0.19181068934689183,5.0,64.52125960248148
Biquad,30Hz-Q1.5,ID01-Seat-G1,6.28388745578421,1.3471461450373727,0.5749042209982806,1.0235385398601553,2.2934836038600284,5.0,62.09566911327131
Biquad,30Hz-Q1.5,ID05-Stand-G2,2.6170177022676753,-0.023381121040372304,0.43576326894579287,0.991635409815698,9.631131719555018,5.0,57.34341926843961
Biquad,30Hz-Q1.5,ID08-Seat-G3,8.411770312448663,1.3473494367451713,0.636632111644108,1.0103295602673632,1.554988332815105,5.0,64.68651114977946
Biquad,30Hz-Q1.5,ID10-Stand-G4,9.16843932731452,1.4677891955629427,0.5249323057623833,0.9705806995033921,0.22347555137758515,5.0,64.45833511804935
Biquad,30Hz-Q2.0,ID01-Seat-G1,6.364741537501849,1.2334309675643043,0.57651484896411,1.0500133901678146,2.6420134889480402,5.0,62.18860290473268
Biquad,30Hz-Q2.0,ID05-Stand-G2,2.808523385523367,-0.15739988551626383,0.4341143833717864,1.0417394540401412,10.966614844637073,5.0,57.56438126081177
Biquad,30Hz-Q2.0,ID08-Seat-G3,8.369850785303013,1.2495894669761858,0.6340316967211952,1.0275852128116922,1.7368468829710453,5.0,64.62508851071198
Biquad,30Hz-Q2.0,ID10-Stand-G4,8.786856421323913,1.3411901467262768,0.5107171676672797,0.9929055406252193,0.2456271409689934,5.0,64.0817628819546
Biquad,35Hz-Q0.5,ID01-Seat-G1,4.336278685438095,1.7943205741852193,0.5463768174139617,0.9178124709091139,1.3466509527195731,7.5,59.02316717058837
Biquad,35Hz-Q0.5,ID05-Stand-G2,0.7622458257828703,0.485541949669739,0.4395060485158517,0.9369659297354214,5.363891202198463,5.833333333333333,55.07670417166219
Biquad,35Hz-Q0.5,ID08-Seat-G3,6.4767488666952575,1.7204461226605616,0.6203976691274048,0.962367972766282,0.912168518107625,8.333333333333334,61.774904582315536
Biquad,35Hz-Q0.5,ID10-Stand-G4,8.555281753943897,1.8622323556728204,0.5719645538038277,0.9328155493469409,0.15797389228054004,7.5,63.509093654207305
Biquad,35Hz-Q0.707,ID01-Seat-G1,5.751492944658462,1.6346194669279954,0.5889479229324912,0.9327976094872171,1.654924744562825,5.0,61.33259041408823
Biquad,35Hz-Q0.707,ID05-Stand-G2,2.0239144841175274,0.2956758408112745,0.47519066259486725,0.9714644102995068,6.90908870692889,5.0,56.94516650507657
Biquad,35Hz-Q0.707,ID08-Seat-G3,7.927966152836838,1.5882227395704092,0.6495597286834512,0.9827613315910778,1.1106479467224328,5.0,64.21347077591811
Biquad,35Hz-Q0.707,ID10-Stand-G4,9.520196533233195,1.7215742727128067,0.5772117114180458,0.9373737372100678,0.1862039688197172,5.0,65.03615305491888
Biquad,35Hz-Q1.0,ID01-Seat-G1,6.841534258906837,1.4934421169609788,0.6190520304452947,0.9736395993092631,1.9688365958013996,5.0,62.852622483792864
Biquad,35Hz-Q1.0,ID05-Stand-G2,2.9930202831721364,0.12391707198607886,0.4991412715792863,0.9623946250493125,8.485735091519013,5.0,58.048552945263346
Biquad,35Hz-Q1.0,ID08-Seat-G3,8.970930853785378,1.4699955436504049,0.6670868575650296,0.9886211010021831,1.2988186496313558,5.0,65.41718779053402
Biquad,35Hz-Q1.0,ID10-Stand-G4,10.052218413743661,1.5803101986916017,0.5757569424617571,0.9556567507826625,0.21414802918890982,5.0,65.64867923612016
Biquad,35Hz-Q1.5,ID01-Seat-G1,7.542728724892732,1.346337751890566,0.6355774104853394,1.020560239796296,2.3212422520840845,5.0,63.80955930353278
Biquad,35Hz-Q1.5,ID05-Stand-G2,3.638430954872898,-0.05820884936651819,0.5093206629703452,1.0024438813787693,10.23107504006686,5.0,58.95833592715049
Biquad,35Hz-Q1.5,ID08-Seat-G3,9.513158718088134,1.3443663081660475,0.6725742657512553,1.017949723854009,1.4975808948809775,5.0,66.05746571122253
Biquad,35Hz-Q1.5,ID10-Stand-G4,10.087040397943296,1.4138302068078332,0.5682671994519876,0.9638371124967086,0.24619925613066054,5.0,65.66822995631674
Biquad,35Hz-Q2.0,ID01-Seat-G1,7.64305234410629,1.248945426115138,0.6348008591008255,1.0413788675848947,2.636472728408139,5.0,63.90405878736248
Biquad,35Hz-Q2.0,ID05-Stand-G2,3.776859637963398,-0.17824450003097972,0.5051618468170959,1.0557698511160882,11.331022118966466,5.0,59.06557348909162
Biquad,35Hz-Q2.0,ID08-Seat-G3,9.465557151283164,1.2596415748992253,0.6673751856797264,1.0194822620713804,1.6657454528001363,5.0,65.97087104388112
Biquad,35Hz-Q2.0,ID10-Stand-G4,9.78117160180546,1.2952729273860202,0.560126097462415,0.9630091985562741,0.2672129630371226,5.0,65.29716332555495
Biquad,40Hz-Q0.5,ID01-Seat-G1,5.332457102472251,1.7363848718127457,0.5965837933863708,0.9200357979486538,1.4611931388612123,5.0,60.90701454261329
Biquad,40Hz-Q0.5,ID05-Stand-G2,1.6921120840763892,0.40985916791884297,0.4977336597623851,0.9349264869937827,6.022686234311248,5.0,56.5997469672632
Biquad,40Hz-Q0.5,ID08-Seat-G3,7.484896793440169,1.6725405046006767,0.6566022462573112,0.9692656862144404,0.9868971531432407,5.0,63.7557420714422
Biquad,40Hz-Q0.5,ID10-Stand-G4,9.375022316448232,1.8038618040455647,0.6025923798449854,0.9399658459031176,0.17541218990854077,5.0,65.0942943948012
Biquad,40Hz-Q0.707,ID01-Seat-G1,6.769537395496898,1.596846050092907,0.6365760479402786,0.9470531352183941,1.7461225712832933,5.0,62.77912343114096
Biquad,40Hz-Q0.707,ID05-Stand-G2,2.9770752895322175,0.23812867090084525,0.5345237448325438,0.966524913750071,7.49068571788118,5.0,58.318627944526646
Biquad,40Hz-Q0.707,ID08-Seat-G3,8.926924936289561,1.555277732887079,0.6820944029333048,0.9868449195860126,1.157667846999465,5.0,65.4768575562194
Biquad,40Hz-Q0.707,ID10-Stand-G4,10.326196796481875,1.667656924208724,0.6095411421261046,0.9413175395947496,0.2054212988558299,5.0,66.1043430604014
Biquad,40Hz-Q1.0,ID01-Seat-G1,7.843210626497584,1.4760231494930862,0.6626797781997944,0.9743972381861772,2.0192669027573085,5.0,64.18529515392693
Biquad,40Hz-Q1.0,ID05-Stand-G2,3.94584328872743,0.08367791845030481,0.5579396601532628,0.9959323382358066,8.923344041938103,5.0,59.61005243105594
Biquad,40Hz-Q1.0,ID08-Seat-G3,9.934753620685468,1.4509489446693928,0.695018520041876,1.0018875197278214,1.3192044215784013,5.0,66.64739252099953
Biquad,40Hz-Q1.0,ID10-Stand-G4,10.854470272184658,1.5331577067716335,0.6094153604937501,0.9499478256026479,0.235063750081154,5.0,66.67482460390102
Biquad,40Hz-Q1.5,ID01-Seat-G1,8.453988763106913,1.350362509005848,0.675096332402287,1.0178443256043161,2.3806101899861343,5.0,65.01721125612406
Biquad,40Hz-Q1.5,ID05-Stand-G2,4.552705957685407,-0.08179905697701483,0.5660641469471568,1.0558735273975952,10.335791025877539,5.0,60.29818705978908
Biquad,40Hz-Q1.5,ID08-Seat-G3,10.415425949725913,1.338295704122225,0.6950713892120447,1.0160935953735175,1.5253226513587321,5.0,67.12846136881625
Biquad,40Hz-Q1.5,ID10-Stand-G4,10.907688697289844,1.3801297128097196,0.6020734181094644,0.9542383298249731,0.2709802157757614,5.0,66.69443098223569
Biquad,40Hz-Q2.0,ID01-Seat-G1,8.45139339117805,1.2654583489058326,0.6729333273617032,1.0324795723580742,2.6850693722078525,5.0,64.99839334639083
Biquad,40Hz-Q2.0,ID05-Stand-G2,4.6377479974728475,-0.19343446524225535,0.5596632871529724,1.0961247988491174,11.13114056636954,5.0,60.33522265112015
Biquad,40Hz-Q2.0,ID08-Seat-G3,10.327921145058408,1.259857437038605,0.6866467635229391,1.0179250946532654,1.6421347458013063,5.0,66.97777187148046
Biquad,40Hz-Q2.0,ID10-Stand-G4,10.633433362814914,1.275258815469335,0.5928369029602317,0.97101387650702,0.29605518539730863,5.0,66.43477951755176
Biquad,45Hz-Q0.5,ID01-Seat-G1,6.271351210207624,1.68894937933869,0.6382679081581389,0.9445379178013069,1.539473846160643,5.0,62.2810501104002
Biquad,45Hz-Q0.5,ID05-Stand-G2,2.574432932942431,0.3467331806490687,0.5483339415735939,0.9570917601747384,6.817641084864327,5.0,57.97239629561807
Biquad,45Hz-Q0.5,ID08-Seat-G3,8.428388248205456,1.632331837971728,0.6870155153568831,0.9746429064481825,1.07194473252622,5.0,64.95421914562299
Biquad,45Hz-Q0.5,ID10-Stand-G4,10.15173390976162,1.7518971115938002,0.6321518469532105,0.9374092811932048,0.19090318015944374,5.0,66.07991916787672
Biquad,45Hz-Q0.707,ID01-Seat-G1,7.691893612289481,1.5669341281048743,0.6731933809275462,0.9604647354237277,1.781536075436377,5.0,64.04316764636471
Biquad,45Hz-Q0.707,ID05-Stand-G2,3.8639505754133516,0.1920534296252968,0.5836681489118551,0.9750122356755112,8.32607348021017,5.0,59.616522870629815
Biquad,45Hz-Q0.707,ID08-Seat-G3,9.839362347272457,1.527317637983053,0.7080640397891349,0.99083821518657,1.2328306054181015,5.0,66.60403372162381
Biquad,45Hz-Q0.707,ID10-Stand-G4,11.08783505795941,1.6209413819074765,0.64053491391186,0.9445444966255029,0.2209912852165262,5.0,67.11456939542587
Biquad,45Hz-Q1.0,ID01-Seat-G1,8.691103734673472,1.4624756089916457,0.6930499381773508,0.9918630363249904,2.0714685025408195,5.0,65.34829345262855
Biquad,45Hz-Q1.0,ID05-Stand-G2,4.817370705159427,0.053856083548461574,0.6052501347934216,0.9999864636690386,9.608031056750566,5.0,60.856679034455276
Biquad,45Hz-Q1.0,ID08-Seat-G3,10.786218922009823,1.4327664101877378,0.7160016472613474,1.0146790885428416,1.397211279925693,5.0,67.65623127646992
Biquad,45Hz-Q1.0,ID10-Stand-G4,11.584710890731065,1.4926208818760742,0.6400000200604722,0.9510360819952886,0.2524792889005563,5.0,67.63989145116105
Biquad,45Hz-Q1.5,ID01-Seat-G1,9.152573765870857,1.3544246839325504,0.6990743064751542,1.0041301048299112,2.3674501850053193,5.0,65.89563106443451
Biquad,45Hz-Q1.5,ID05-Stand-G2,5.394847533097913,-0.0943023965314775,0.6132340191660277,1.0439394442245018,10.703839447566764,5.0,61.49410267684312
Biquad,45Hz-Q1.5,ID08-Seat-G3,11.16291061592235,1.3272360928862343,0.7104265363403748,1.015332370724443,1.6143874876114646,5.0,67.99110963847515
Biquad,45Hz-Q1.5,ID10-Stand-G4,11.55709882550164,1.3466614329840734,0.6282047301047954,0.9516854399380869,0.2893128142644628,5.0,67.52706150097802
Biquad,45Hz-Q2.0,ID01-Seat-G1,9.036813683696998,1.2823440274944826,0.6943167286665134,1.0276360959822421,2.5398202950938886,3.3333333333333335,66.0775224820292
Biquad,45Hz-Q2.0,ID05-Stand-G2,5.460729755727894,-0.19465951206279175,0.6088902343009382,1.0551155100760201,11.217030175401263,5.0,61.52740651298494
Biquad,45Hz-Q2.0,ID08-Seat-G3,10.982129364782105,1.2512307934445481,0.6985084202049755,1.0254279408068623,1.7524413527204503,5.0,67.72094251631943
Biquad,45Hz-Q2.0,ID10-Stand-G4,11.199543452654398,1.2453059729259643,0.6135209808866128,0.9457014854789865,0.31546573365334846,5.0,67.02945823669893
Biquad,50Hz-Q0.5,ID01-Seat-G1,7.172400039614101,1.6486492762793172,0.6736280062766955,0.9517394128082817,1.5828541733790187,5.0,63.48330715073072
Biquad,50Hz-Q0.5,ID05-Stand-G2,3.4277653171632845,0.2923287060037544,0.5930668109930495,0.9805496835256701,7.56939585819297,5.0,59.278514817239504
Biquad,50Hz-Q0.5,ID08-Seat-G3,9.328734029349127,1.597249970415402,0.7134027463934188,0.979636910283704,1.1489375074549264,5.0,66.07743917871828
Biquad,50Hz-Q0.5,ID10-Stand-G4,10.906796011274666,1.7046412824792405,0.6610197375174994,0.9415877228293009,0.20389582045997182,5.0,67.0723826568024
Biquad,50Hz-Q0.707,ID01-Seat-G1,8.545064323799387,1.5411779971520323,0.7024170716781475,0.9857656974453491,1.854307856430083,5.0,65.24202084861224
Biquad,50Hz-Q0.707,ID05-Stand-G2,4.698973696208637,0.1533861105189229,0.6249572565529732,0.9807035502072811,9.015567289226443,5.0,60.78967087139233
Biquad,50Hz-Q0.707,ID08-Seat-G3,10.69042092625051,1.5020029577294924,0.7300566942739103,1.0046003182693524,1.3045716801680418,5.0,67.66584613330483
Biquad,50Hz-Q0.707,ID10-Stand-G4,11.82594250547281,1.5792424531180904,0.6708837781638072,0.9473582604763647,0.2329591816688695,5.0,68.09436214408319
Biquad,50Hz-Q1.0,ID01-Seat-G1,9.439479979774328,1.448441356840329,0.7149909563068108,0.9826475114364938,2.133149797539207,5.0,66.21514970925787
Biquad,50Hz-Q1.0,ID05-Stand-G2,5.610147901409011,0.030432367132583276,0.6426469214229151,1.0013008218061776,10.18513064743268,5.0,61.92999981208088
Biquad,50Hz-Q1.0,ID08-Seat-G3,11.565497968752531,1.4140294198559678,0.7335487956823946,1.014966044794645,1.491448522729737,5.0,68.56711393637049
Biquad,50Hz-Q1.0,ID10-Stand-G4,12.280688730886212,1.4553299203375156,0.6705970586694221,0.9434485560078983,0.26560742017147443,5.0,68.52740945094637
Biquad,50Hz-Q1.5,ID01-Seat-G1,9.741392082310737,1.3500178925190305,0.7116586045847791,1.001050187997303,2.400867087323066,3.3333333333333335,66.91216495002992
Biquad,50Hz-Q1.5,ID05-Stand-G2,6.138083886563515,-0.09946785782313096,0.6475150465759972,1.0243764032189935,11.175083124608674,5.0,62.4944467358835
Biquad,50Hz-Q1.5,ID08-Seat-G3,11.851797667551855,1.3115466888219178,0.7233866735719184,1.026110362802946,1.7093806055008443,4.166666666666667,68.94386438600792
Biquad,50Hz-Q1.5,ID10-Stand-G4,12.144468680885076,1.309408679747542,0.6568602511960028,0.9385315641816837,0.30083551494369937,5.0,68.26357838576351
Biquad,50Hz-Q2.0,ID01-Seat-G1,9.51836259000038,1.2821802875580615,0.699918704115578,1.0218814629472674,2.5514280545274266,2.5,66.76775287086721
Biquad,50Hz-Q2.0,ID05-Stand-G2,6.187444312845301,-0.18596671310031176,0.6425084603297969,1.0203165439931317,11.63961981692377,3.3333333333333335,62.839591098652114
Biquad,50Hz-Q2.0,ID08-Seat-G3,11.605111057594447,1.234475937585711,0.7086996828971385,1.025274529416325,1.8488672528980856,1.6666666666666667,69.08702534598966
Biquad,50Hz-Q2.0,ID10-Stand-G4,11.667245859283236,1.2031921550252356,0.6393940174109094,0.9500951232156583,0.32521050841809734,5.0,67.71317660594333
Kalman,Q=1e-05-R=1e-05,ID01-Seat-G1,12.563410332186677,1.6008270182228959,0.9463766264998545,0.9700626597309198,1.9871955286975436,0.0,72.01154832959018
Kalman,Q=1e-05-R=1e-05,ID05-Stand-G2,9.214994926630348,0.22354789137130351,0.9403378712255227,0.9717535781467886,9.027544190234284,0.0,68.62629685155571
Kalman,Q=1e-05-R=1e-05,ID08-Seat-G3,14.616559703935017,1.5558726447814613,0.9531364732179494,0.9856848797359706,1.429362923945166,0.0,74.19350765174948
Kalman,Q=1e-05-R=1e-05,ID10-Stand-G4,16.5233813787544,1.6533957887355228,0.9545631790252079,0.980780800017289,0.25283874061450134,0.0,76.08650922152991
Kalman,Q=0.0001-R=0.0001,ID01-Seat-G1,12.563410332186672,1.6008270182709416,0.9463766264898705,0.9700626597309198,1.9871955286975436,0.0,72.01154832951529
Kalman,Q=0.0001-R=0.0001,ID05-Stand-G2,9.214994926630347,0.22354789137131517,0.9403378712255152,0.9717535781467886,9.02754419023428,0.0,68.62629685155565
Kalman,Q=0.0001-R=0.0001,ID08-Seat-G3,14.616559703935012,1.555872645778214,0.9531364729235624,0.9856848797359706,1.4293629239451657,0.0,74.19350764954157
Kalman,Q=0.0001-R=0.0001,ID10-Stand-G4,16.523381378754397,1.6533957887845714,0.9545631790043441,0.980780800017289,0.25283874061450134,0.0,76.08650922137342
Kalman,Q=0.001-R=0.001,ID01-Seat-G1,12.563410332186677,1.600827018750562,0.946376626390173,0.9700626597309198,1.9871955286975436,0.0,72.01154832876757
Kalman,Q=0.001-R=0.001,ID05-Stand-G2,9.214994926630348,0.22354789137143052,0.9403378712254412,0.9717535781467886,9.027544190234284,0.0,68.6262968515551
Kalman,Q=0.001-R=0.001,ID08-Seat-G3,14.616559703935017,1.5558726557277023,0.953136469983671,0.9856848797359706,1.429362923945166,0.0,74.1935076274924
Kalman,Q=0.001-R=0.001,ID10-Stand-G4,16.5233813787544,1.6533957892742033,0.9545631787960146,0.980780800017289,0.25283874061450134,0.0,76.08650921981096
Kalman,Q=0.01-R=0.01,ID01-Seat-G1,12.563410332186672,1.6008270234647144,0.9463766254071287,0.9700626597309198,1.9871955286975436,0.0,72.01154832139473
Kalman,Q=0.01-R=0.01,ID05-Stand-G2,9.214994926630347,0.2235478913725669,0.9403378712247122,0.9717535781467886,9.02754419023428,0.0,68.62629685154963
Kalman,Q=0.01-R=0.01,ID08-Seat-G3,14.616559703935012,1.5558727534513122,0.9531364409772229,0.9856848797359706,1.4293629239451657,0.0,74.19350740994403
Kalman,Q=0.01-R=0.01,ID10-Stand-G4,16.523381378754397,1.6533957940868718,0.9545631767431528,0.980780800017289,0.25283874061450134,0.0,76.08650920441448
Kalman,Q=0.1-R=0.1,ID01-Seat-G1,12.563410332186676,1.6008270636245439,0.9463766167991672,0.9700626597309198,1.9871955286975436,0.0,72.01154825683503
Kalman,Q=0.1-R=0.1,ID05-Stand-G2,9.214994926630347,0.22354789138233663,0.9403378712184175,0.9717535781467886,9.027544190234282,0.0,68.62629685150242
Kalman,Q=0.1-R=0.1,ID08-Seat-G3,14.616559703935016,1.555873580795265,0.9531361856170575,0.9856848797359706,1.429362923945166,0.0,74.1935054947428
Kalman,Q=0.1-R=0.1,ID10-Stand-G4,16.523381378754397,1.6533958350942228,0.9545631588652785,0.980780800017289,0.25283874061450134,0.0,76.08650907033044
Kalman,Q=1.0-R=1.0,ID01-Seat-G1,12.563410332186677,1.6008272115791453,0.9463765812343893,0.9700626597309198,1.9871955286975436,0.0,72.01154799009919
Kalman,Q=1.0-R=1.0,ID05-Stand-G2,9.214994926630348,0.22354789141982845,0.9403378711938185,0.9717535781467886,9.027544190234284,0.0,68.62629685131793
Kalman,Q=1.0-R=1.0,ID08-Seat-G3,14.616559703935017,1.5558765437791109,0.9531351086247778,0.9856848797359706,1.429362923945166,0.0,74.1934974173007
Kalman,Q=1.0-R=1.0,ID10-Stand-G4,16.5233813787544,1.6533959862938887,0.9545630865368198,0.980780800017289,0.25283874061450134,0.0,76.086508527867
EMA,alpha=0.05,ID01-Seat-G1,-9.19600656217792,3.4449942284375816,0.3786958408663197,0.4717653251204488,0.22540702255373837,15.0,49.699045432099645
EMA,alpha=0.05,ID05-Stand-G2,-12.071154464606538,2.2126741264087197,0.40472148922688694,0.3998418287443868,0.6843100557829606,14.166666666666666,49.70128697959025
EMA,alpha=0.05,ID08-Seat-G3,-7.159148427889417,3.164771256885505,0.4125078510846804,0.3745408176015372,0.1585365210260955,24.166666666666668,47.633179637809455
EMA,alpha=0.05,ID10-Stand-G4,-3.057603237333416,3.1540787227534537,0.48542513720296565,0.40955417956717577,0.03215504563557608,38.333333333333336,25.168306450864275
EMA,alpha=0.1,ID01-Seat-G1,-4.569018129923798,2.8708848608793107,0.49832882858084204,0.6013079336065172,0.4375405365528755,12.5,51.7440058823889
EMA,alpha=0.1,ID05-Stand-G2,-6.99279742383463,1.635443537249384,0.5143719539585286,0.5969487277172539,1.3464392196988741,10.833333333333334,52.17586662660857
EMA,alpha=0.1,ID08-Seat-G3,-2.4510274535963164,2.6566375547035763,0.5513390359277003,0.5321173936729015,0.29157922161801464,16.666666666666668,50.962296404488924
EMA,alpha=0.1,ID10-Stand-G4,1.0576596327425858,2.704697093244619,0.6121766317193266,0.5605223116310207,0.05597976680727246,22.5,38.24552597097438
EMA,alpha=0.15,ID01-Seat-G1,-1.711492521879369,2.5527265291814483,0.59054657228521,0.6697124435027278,0.639035449370257,9.166666666666666,53.44432817631938
EMA,alpha=0.15,ID05-Stand-G2,-4.275264919654888,1.3034126077119537,0.5938098846849603,0.7150062914615981,1.9676611970654312,8.333333333333334,53.86193892577852
EMA,alpha=0.15,ID08-Seat-G3,0.2991350945539704,2.3796091090001887,0.6407204982785676,0.6997615672747518,0.4134942704015805,12.5,53.603346668017
EMA,alpha=0.15,ID10-Stand-G4,3.530311947051823,2.4624202511324493,0.6885497348621978,0.6695678384869973,0.07546477649832176,15.0,49.18170710044982
EMA,alpha=0.2,ID01-Seat-G1,0.42896966081403143,2.3382130074619436,0.6636972966984231,0.7558166255760983,0.8261497166565824,8.333333333333334,55.01911584726603
EMA,alpha=0.2,ID05-Stand-G2,-2.331876255702501,1.0711199069173107,0.6579633221825087,0.7666226741395622,2.5580047799424555,6.666666666666667,54.934504953733295
EMA,alpha=0.2,ID08-Seat-G3,2.3876642071524876,2.193853245438897,0.7072766523386133,0.7772866176822376,0.5298167353410307,9.166666666666666,57.24533885476995
EMA,alpha=0.2,ID10-Stand-G4,5.41716001450526,2.2979548331563144,0.7438452113213252,0.7565601750565792,0.09580572300965712,10.833333333333334,58.85385021092857
EMA,alpha=0.25,ID01-Seat-G1,2.1952061594352856,2.1791301045994933,0.7230312040773738,0.781517924866756,0.9998286858996375,7.5,57.525529814349376
EMA,alpha=0.25,ID05-Stand-G2,-0.7254936027665458,0.8942152025551491,0.7122813634176696,0.8261812979019393,3.242026105150069,5.833333333333333,55.806350048475565
EMA,alpha=0.25,ID08-Seat-G3,4.14722165716104,2.056929665836846,0.7598856062317118,0.8556903678708755,0.6428060395733384,8.333333333333334,59.95814887658659
EMA,alpha=0.25,ID10-Stand-G4,7.005539161607548,2.173348905733133,0.7872016257576844,0.8124418886998542,0.11555777124774226,8.333333333333334,62.805094131622795
EMA,alpha=0.3,ID01-Seat-G1,3.7502432866741167,2.0542204089308496,0.7720317297054017,0.8352906257704756,1.1614462586079293,5.833333333333333,60.05026772165034
EMA,alpha=0.3,ID05-Stand-G2,0.7108964092495169,0.7527194647452132,0.7590885771907017,0.8785745602582815,3.945656885972143,5.0,57.29693353947118
EMA,alpha=0.3,ID08-Seat-G3,5.717266960038842,1.949891926117236,0.8027362621939002,0.9047738123265076,0.7615084124703541,8.333333333333334,62.094991321458956
EMA,alpha=0.3,ID10-Stand-G4,8.420320818839228,2.0723853904877996,0.8226969485125757,0.8875513202227161,0.13511153352864225,5.833333333333333,65.36163786713047
EMA,alpha=0.35,ID01-Seat-G1,5.18394388986992,1.9522952307011978,0.8130202770115385,0.8738629552937581,1.312381241805458,5.0,62.150910743925245
EMA,alpha=0.35,ID05-Stand-G2,2.0570082969695243,0.635688785996588,0.7996703031955009,0.8971845704599691,4.648912043053324,5.0,59.040458423235634
EMA,alpha=0.35,ID08-Seat-G3,7.173318212488348,1.8626514574481368,0.8382709910602409,0.9249651065786063,0.874602414605528,5.0,64.58517617833319
EMA,alpha=0.35,ID10-Stand-G4,9.730855760822175,1.986757219706475,0.8525312747261179,0.9193534639073683,0.1534386216508332,4.166666666666667,67.38827430747158
EMA,alpha=0.4,ID01-Seat-G1,6.551476227509711,1.8667135596503917,0.8475911121423799,0.9177061709541037,1.4538310831970624,4.166666666666667,64.16360709001475
EMA,alpha=0.4,ID05-Stand-G2,3.358597060212702,0.5363945479759517,0.8349013625575182,0.9131676227860254,5.340363884082852,5.0,60.68619539332422
EMA,alpha=0.4,ID08-Seat-G3,8.56305715116567,1.789211400584037,0.8680810994869962,0.923301721513767,0.982012523989288,4.166666666666667,66.35684067155364
EMA,alpha=0.4,ID10-Stand-G4,10.982548816809468,1.9117234636327958,0.8780249750154736,0.9313751324461771,0.17161208765334893,4.166666666666667,68.89127845832307
EMA,alpha=0.45,ID01-Seat-G1,7.8907815369469745,1.7931695340236622,0.8768851463936862,0.9253469103582451,1.5867948709520612,4.166666666666667,65.7608213533575
EMA,alpha=0.45,ID05-Stand-G2,4.646992884410652,0.4503720476132969,0.8654535788232666,0.9211536967404242,6.14402506597601,3.3333333333333335,62.57699654262061
EMA,alpha=0.45,ID08-Seat-G3,9.920831699540635,1.725712949163558,0.8932730710013724,0.9424249161640265,1.0837788283746241,4.166666666666667,67.99917097953772
EMA,alpha=0.45,ID10-Stand-G4,12.209357003352146,1.8443657425895976,0.9000241222056319,0.9578442859434478,0.19089109754326594,4.166666666666667,70.41542601627829
EMA,alpha=0.5,ID01-Seat-G1,9.231654060019885,1.7286792003316809,0.901751583141856,0.9431511422835867,1.7130757530997487,2.5,67.71054664500173
EMA,alpha=0.5,ID05-Stand-G2,5.947762264188658,0.37449424043447305,0.8918736328979809,0.9337707837113328,7.010099132008043,0.8333333333333334,64.63900176281352
EMA,alpha=0.5,ID08-Seat-G3,11.274968136559936,1.669518875122464,0.9146487971121725,0.9738386248102234,1.182108876629521,3.3333333333333335,69.83736057228569
EMA,alpha=0.5,ID10-Stand-G4,13.440010292073671,1.782776568153919,0.9190959501205289,0.9661231143465551,0.20972179705207972,3.3333333333333335,71.99717882304375
EMA,alpha=0.6,ID01-Seat-G1,12.028246097540324,1.6186907746623949,0.9406677273207183,0.9677194568757231,1.9471688680751618,0.0,71.42185133682433
EMA,alpha=0.6,ID05-Stand-G2,8.687396465588304,0.24461708337391055,0.9340671443818819,0.9687491185881792,8.722724348847779,0.0,68.0366456413933
EMA,alpha=0.6,ID08-Seat-G3,14.081722370671221,1.5719749094946884,0.9481941239073078,0.9841202178244081,1.3864449731089927,0.0,73.61377938909807
EMA,alpha=0.6,ID10-Stand-G4,16.024766493845892,1.6720188984229967,0.9499209808579604,0.9789385566451011,0.24635127308982227,0.0,75.5438666335061
EMA,alpha=0.7,ID01-Seat-G1,15.204609316950899,1.524771279105441,0.9680558335062971,0.9785080857914163,2.1605772893849404,0.0,74.85756849720521
EMA,alpha=0.7,ID05-Stand-G2,11.830976154949767,0.1343244467750048,0.9643181840735934,0.9828843429725156,10.394788655912867,0.0,71.4777842503643
EMA,alpha=0.7,ID08-Seat-G3,17.249163271915478,1.4864264348011857,0.971969930069366,0.9914946501477688,1.6211663439997592,0.0,76.99641099817455
EMA,alpha=0.7,ID10-Stand-G4,19.006874221616957,1.5726076246670277,0.9725151936734555,0.987733837459678,0.28196272654383575,0.0,78.73940736146626
EMA,alpha=0.8,ID01-Seat-G1,19.252930961753833,1.4394113385053309,0.9862383048844089,0.9942179955655691,2.3827359939127155,0.0,79.12080822621475
EMA,alpha=0.8,ID05-Stand-G2,15.868036063032761,0.03597311917830204,0.9846001857345343,0.9923697656397836,12.02168609582621,0.0,75.71438628424069
EMA,alpha=0.8,ID08-Seat-G3,21.27384212522242,1.406739824599984,0.9878790122552031,0.9963158047219269,1.849439996823887,0.0,81.16451374074607
EMA,alpha=0.8,ID10-Stand-G4,22.884942607923932,1.480446781049327,0.9879997111017631,0.9940821740050317,0.3168455713420681,0.0,82.76535131121231
